Variables,Suma de los pesos de akaike
Sitio,0.357232732916975
Sexo,0.322894472450934
DOSEL,0.317188662143535
HOJA,0.294254013727712
TS,0.256870719305095
